<?xml version="1.0" encoding="UTF-8" standalone="yes"?>
<addon id="plugin.video.plexkodiconnect.movies" name="PlexKodiConnect Helper Movies" version="2.0.4" provider-name="croneter">
    <requires>
        <import addon="xbmc.python" version="2.1.0"/>
    </requires>
    <extension point="xbmc.python.pluginsource" library="default.py">
        <provides></provides>
    </extension>
    <extension point="xbmc.addon.metadata">
        <summary lang="en">PKC Dependency Add-On</summary>
        <description lang="en">PlexKodiConnect add-on for movies</description>
        <platform>all</platform>
        <language>en</language>
        <license>GNU GENERAL PUBLIC LICENSE. Version 2, June 1991</license>
        <forum></forum>
        <website>https://github.com/croneter/PlexKodiConnect</website>
        <source></source>
        <news>version 2.0.4
- Kodi Leia compatibility: fix EOFError for cPickle Python module

version 2.0.3
- Version omitted to be on-par with TV shows helper add-on

version 2.0.2
- Also pass handle of add-on call to main thread

version 2.0.1
- Correctly handle direct plugin calls
- Drop python requests dependency
</news>
    </extension>
</addon>
