<?xml version="1.0" encoding="UTF-8" standalone="yes"?>
<addon id="repository.plexkodiconnectbeta" name="PlexKodiConnect Addons Beta" version="1.0.2" provider-name="croneter">
	<requires>
		<import addon="xbmc.addon" version="12.0.0"/>
	</requires>
	<extension point="xbmc.addon.repository" name="PlexKodiConnect Repository BETA">
		<info compressed="false">https://raw.githubusercontent.com/croneter/binary_repo/master/beta/addons.xml</info>
		<checksum>https://raw.githubusercontent.com/croneter/binary_repo/master/beta/addons.xml.md5</checksum>
		<datadir zip="true">https://raw.githubusercontent.com/croneter/binary_repo/master/beta/</datadir>
	</extension>
	<extension point="xbmc.addon.metadata">
		<summary>PlexKodiConnect add-on repository for potentially unstable beta versions</summary>
		<description>Please use the stable PlexKodiConnect repository for a more stable experience with Plex on Kodi.</description>
		<disclaimer></disclaimer>
		<platform>all</platform>
	</extension>
</addon>
