<?xml version="1.0" encoding="UTF-8" standalone="yes"?>
<addon id="plugin.video.plexkodiconnect.tvshows" name="PlexKodiConnect Helper TV Shows" version="2.0.3" provider-name="croneter">
    <requires>
        <import addon="xbmc.python" version="2.1.0"/>
    </requires>
    <extension point="xbmc.python.pluginsource" library="default.py">
        <provides></provides>
    </extension>
    <extension point="xbmc.addon.metadata">
        <summary lang="en">PKC Dependency Add-On</summary>
        <description lang="en">PlexKodiConnect add-on for tv shows</description>
        <platform>all</platform>
        <language>en</language>
        <license>GNU GENERAL PUBLIC LICENSE. Version 2, June 1991</license>
        <forum></forum>
        <website>https://github.com/croneter/PlexKodiConnect</website>
        <source></source>
        <news>version 2.0.3
- Also pass add-on handle to main thread
- Change the way navigation to entire TV show folder works internally

version 2.0.2
- Correctly handle direct plugin calls

version 2.0.1
- Fix widget navigating to entire TV show not working
</news>
    </extension>
</addon>
