<?xml version="1.0" encoding="UTF-8" standalone="yes"?>
<addon  id="plugin.video.plexkodiconnect" name="PlexKodiConnect" version="1.8.8" provider-name="croneter">
  <requires>
    <import addon="xbmc.python" version="2.1.0"/>
    <import addon="script.module.requests" version="2.3.0" />
  </requires>
  <extension point="xbmc.python.pluginsource" library="default.py">
        <provides>video audio image</provides>
  </extension>
  <extension point="xbmc.service" library="service.py" start="login">
  </extension>
  <extension point="kodi.context.item" library="contextmenu.py">
      <item>
        <label>30401</label>
              <description>30416</description>
              <visible>[!IsEmpty(ListItem.DBID) + !StringCompare(ListItem.DBID,-1) | !IsEmpty(ListItem.Property(plexid))] + !IsEmpty(Window(10000).Property(plex_context))</visible>
      </item>
  </extension>
  <extension point="xbmc.addon.metadata">
    <platform>all</platform>
    <license>GNU GENERAL PUBLIC LICENSE. Version 2, June 1991</license>
    <forum>https://forums.plex.tv</forum>
    <website>https://github.com/croneter/PlexKodiConnect</website>
    <email></email>
    <source>https://github.com/croneter/PlexKodiConnect</source>
    <summary lang="en_GB">Native Integration of Plex into Kodi</summary>
    <description lang="en_GB">Connect Kodi to your Plex Media Server. This plugin assumes that you manage all your videos with Plex (and none with Kodi). You might lose data already stored in the Kodi video and music databases (as this plugin directly changes them). Use at your own risk!</description>
    <disclaimer lang="en_GB">Use at your own risk</disclaimer>
    <summary lang="nl_NL">Directe integratie van Plex in Kodi</summary>
    <description lang="nl_NL">Verbind Kodi met je Plex Media Server. Deze plugin gaat ervan uit dat je al je video's met Plex (en niet met Kodi) beheerd. Je kunt gegevens reeds opgeslagen in de databases voor video en muziek van Kodi (deze plugin wijzigt deze gegevens direct) verliezen. Gebruik op eigen risico!</description>
    <disclaimer lang="nl_NL">Gebruik op eigen risico</disclaimer>
    <summary lang="fr_CA">Intégration native de Plex dans Kodi</summary>
    <description lang="fr_CA">Connecter Kodi à votre Plex Media Server. Ce plugin assume que vous souhaitez gérer toutes vos vidéos avec Plex (et aucune avec Kodi). Vous pourriez perdre les données déjà stockées dans les bases de données vidéo et musique de Kodi (ce plugin les modifie directement). Utilisez à vos propres risques !</description>
    <disclaimer lang="fr_CA">A utiliser à vos propres risques</disclaimer>
    <summary lang="fr_FR">Intégration native de Plex dans Kodi</summary>
    <description lang="fr_FR">Connecter Kodi à votre Plex Media Server. Ce plugin assume que vous souhaitez gérer toutes vos vidéos avec Plex (et aucune avec Kodi). Vous pourriez perdre les données déjà stockées dans les bases de données vidéo et musique de Kodi (ce plugin les modifie directement). Utilisez à vos propres risques !</description>
    <disclaimer lang="fr_FR">A utiliser à vos propres risques</disclaimer>
    <summary lang="de_DE">Komplette Integration von Plex in Kodi</summary>
    <description lang="de_DE">Verbindet Kodi mit deinem Plex Media Server. Dieses Addon geht davon aus, dass du all deine Videos mit Plex verwaltest (und keine direkt mit Kodi). Du wirst möglicherweise Daten verlieren, die bereits in der Kodi Video- und/oder Musik-Datenbank gespeichert sind (da dieses Addon beide Datenbanken direkt verändert). Verwendung auf eigene Gefahr!</description>
    <disclaimer lang="de_DE">Verwendung auf eigene Gefahr</disclaimer>
    <summary lang="pt_PT">Integração nativa do Plex no Kodi</summary>
    <description lang="pt_PT">Conectar o Kodi ao Servidor Plex Media. Este plugin assume que gerirá todos os vídeos com o Plex (e nenhum com Kodi). Poderá perder dados guardados nas bases de dados de vídeo e musica do Kodi (pois este plugin interfere diretamente com as mesmas). Use por risco de conta própria</description>
    <disclaimer lang="pt_PT">Use por risco de conta própria</disclaimer>
    <summary lang="pt_BR">Integração nativa do Plex no Kodi</summary>
    <description lang="pt_BR">Conectar o Kodi ao Servidor Plex Media. Este plugin assume que gerirá todos os vídeos com o Plex (e nenhum com Kodi). Poderá perder dados guardados nas bases de dados de vídeo e musica do Kodi (pois este plugin interfere diretamente com as mesmas). Use por risco de conta própria</description>
    <disclaimer lang="pt_BR">Use por risco de conta própria</disclaimer>
    <summary lang="es_ES">Integración Nativa de Plex en Kodi</summary>
    <description lang="es_ES">Conecte Kodi a su Plex Media Server.  Este plugin asume que usted gestiona todos sus vídeos con Plex (y ninguno con Kodi). Puede perder datos ya guardados en las bases de datos de vídeo y música de Kodi (ya que este plugin las actualiza directamente). ¡Úselo a su propio riesgo!</description>
    <disclaimer lang="es_ES">Usar a su propio riesgo</disclaimer>
    <summary lang="es_AR">Integración Nativa de Plex en Kodi</summary>
    <description lang="es_AR">Conecte Kodi a su Plex Media Server.  Este plugin asume que usted gestiona todos sus vídeos con Plex (y ninguno con Kodi). Puede perder datos ya guardados en las bases de datos de vídeo y música de Kodi (ya que este plugin las actualiza directamente). ¡Úselo a su propio riesgo!</description>
    <disclaimer lang="es_AR">Usar a su propio riesgo</disclaimer>
    <summary lang="es_MX">Integración Nativa de Plex en Kodi</summary>
    <description lang="es_MX">Conecte Kodi a su Plex Media Server.  Este plugin asume que usted gestiona todos sus vídeos con Plex (y ninguno con Kodi). Puede perder datos ya guardados en las bases de datos de vídeo y música de Kodi (ya que este plugin las actualiza directamente). ¡Úselo a su propio riesgo!</description>
    <disclaimer lang="es_MX">Usar a su propio riesgo</disclaimer>
    <summary lang="cs_CZ">Úplná integrace Plexu do Kodi</summary>
    <description lang="cs_CZ">Připojte Kodi ke svému Plex Media Serveru. Tento doplněk předpokládá, že spravujete veškerá svá videa pomocí Plexu (nikoliv pomocí Kodi). Můžete přijít o data uložená ve video a hudební databázi Kodi (tento doplněk je přímo mění). Používejte na vlastní nebezpečí!</description>
    <disclaimer lang="cs_CZ">Používejte na vlastní nebezpečí</disclaimer>
    <summary lang="da_DK">Indbygget Integration af Plex i Kodi</summary>
    <description lang="da_DK">Tilslut Kodi til din Plex Media Server. Dette plugin forudsætter, at du administrere alle dine videoer med Plex (og ikke med Kodi). Du kan miste data som allerede er gemt i Kodi video og musik-databaser (dette plugin ændrer direkte i dem). Brug på eget ansvar!</description>
    <disclaimer lang="da_DK">Brug på eget ansvar</disclaimer>
    <news>version 1.8.8
- Fix playback not starting in some circumstances
- Fix first artist "missing" tag (Reset your DB!) 
- Update Czech translation

version 1.8.7 (beta only):
- Some fixes to playstate reporting, thanks @RickDB
- Add Kodi info screen for episodes in context menu
- Fix PKC asking for trailers not working
- Fix PKC not automatically updating

version 1.8.6:
- Portuguese translation, thanks @goncalo532 
- Updated other translations

version 1.8.5:
- version 1.8.4 for everyone

version 1.8.5:
- version 1.8.4 for everyone

version 1.8.4 (beta only):
- Plex cloud should now work: Request pictures with transcoding API 
- Fix Plex companion feedback for Android
- Update translations

version 1.8.3:
- Fix Kodi playlists being empty

version 1.8.2:
- Choose to replace user ratings with the number of available versions of a media file
- More collection artwork: use TheMovieDB art
- Support new Companion command "refreshPlayQueue"
- Use https for TheMovieDB
- Update translations

version 1.8.1:
- Fix library sync crash due to UnicodeDecodeError
- Fix fanart for collections
- Comply with themoviedb.org terms of use 
- Add some translations

version 1.8.0
Featuring:
- Major music overhaul: Direct Paths should now work! Many thanks @Memesa for the pointers! Don't forget to reset your database
- Big transcoding overhaul
- Many Plex Companion fixes
- Add support to Kodi 18.0-alpha1 (thanks @CotzaDev)

version 1.7.22 (beta only)
- Fix playback stop not being recognized by the PMS
- Better way to sync progress to another account

version 1.7.21 (beta only)
- Fix Playback and watched status not syncing
- Fix PKC syncing progress to wrong account
- Warn user if a xml cannot be parsed

version 1.7.20 (beta only)
- Fix for Windows usernames with non-ASCII chars
- Companion: Fix TypeError
- Use SSL settings when checking server connection
- Fix TypeError when PMS connection lost
- Increase timeout

version 1.7.19 (beta only)
- Big code refactoring
- Many Plex Companion fixes
- Fix WindowsError or alike when deleting video nodes
- Remove restart on first setup 
- Only set advancedsettings tweaks if Music enabled 

version 1.7.18 (beta only)
- Fix OperationalError when resetting PKC 
- Fix possible OperationalErrors
- Companion: ensure sockets get closed
- Fix TypeError for Plex Companion
- Update Czech

version 1.7.17 (beta only)
- Don't add media by other add-ons to queue
- Fix KeyError for Plex Companion
- Repace Kodi mkdirs with os.makedirs
- Use xbmcvfs exists instead of os.path.exists

version 1.7.16 (beta only)
- Fix PKC complaining about files not found
- Fix multiple subtitles per language not showing
- Update Czech translation
- Fix too many arguments when marking 100% watched
- More small fixes

version 1.7.15 (beta only)
- Fix companion for "Playback via PMS"
- Change sleeping behavior for playqueue client
- Plex Companion: add itemType to playstate
- Less logging

version 1.7.14 (beta only)
- Fix TypeError, but for real now

version 1.7.13 (beta only)
- Fix TypeError with AdvancedSettings.xml missing

version 1.7.12 (beta only)
- Major music overhaul: Direct Paths should now work! Many thanks @Memesa for the pointers! Don't forget to reset your database
- Some Plex Companion fixes
- Fix UnicodeDecodeError on user switch
- Remove link to Crowdin.com
- Update Readme

version 1.7.11 (beta only)
- Add support to Kodi 18.0-alpha1 (thanks @CotzaDev)
- Fix PKC not storing network credentials correctly

version 1.7.10 (beta only)
- Avoid xbmcvfs entirely; use encoded paths 
- Update Czech translation

version 1.7.9 (beta only)
- Big transcoding overhaul
- Fix for not detecting external subtitle language
- Change Plex transcoding profile to Android
- Use Kodi video cache setting for transcoding
- Fix TheTVDB ID for TV shows 
- Account for missing IMDB ids for movies
- Account for missing TheTVDB ids
- Fix UnicodeDecodeError on user switch
- Update English, Spanish and German

version 1.7.8 (beta only)
- Fix IMDB id for movies (resync by going to the PKC settings, Advanced, then Repair Local Database)
- Increase timeouts for PMS, should fix some connection issues
- Move translations to new strings.po system
- Fix some TypeErrors
- Some code refactoring

version 1.7.7
- Chinese Traditional, thanks @old2tan
- Chinese Simplified, thanks @everdream
- Browse by folder: also sort by Date Added
- Update addon.xml

version 1.7.6
- Hotfix: Revert Cache missing artwork on PKC startup. This should help with slow PKC startup, videos not being started, lagging PKC, etc.

version 1.7.5
- Dutch translation, thanks @mvanbaak

version 1.7.4 (beta only)
- Show menu item only for appropriate Kodi library: Be careful to start video content through Videos - Video Addons - ... and pictures through Pictures - Picture Addons - ...
- Fix playback error popup when using Alexa 
- New Italian translations, thanks @nikkux, @chicco83
- Update translations
- Rewire Kodi ListItem stuff
- Fix TypeError for setting ListItem streams 
- Fix Kodi setContent for images
- Fix AttributeError due to missing Kodi sort methods

version 1.7.3 (beta only)
- Fix KeyError for channels if no media streams
- Move plex node navigation, playback to main thread
- Fix TypeError for malformed browsing xml
- Fix IndexError if we can't get a valid xml from PMS
- Pass 'None' instead of empty string in url args

version 1.7.2
- Fix for some channels not starting playback

version 1.7.1
- Fix Alexa not doing anything

version 1.7.0
- Amazon Alexa support! Be sure to check the Plex Alexa forum first if you encounter issues; there are still many bugs completely unrelated to PKC
- Plex Channels!
- Browse video nodes by folder/path 
- Fix IndexError for playqueues
- Update translations
- Code optimization</news>
  </extension>
</addon>
